Key Client 60,2024,3603
Key Client 45,2024,2180
Key Client 46,2024,1848
Key Client 40,2024,1304
Key Client 18,2024,1149
Key Client 56,2024,940
Key Client 10,2024,930
Key Client 24,2024,847
Key Client 27,2024,821
Key Client 21,2024,710
Key Client 33,2024,691
Key Client 32,2024,542
Key Client 26,2024,470
Key Client 22,2024,467
Key Client 19,2024,465
Key Client 13,2024,394
Key Client 43,2024,276
Key Client 7,2024,236
Key Client 20,2024,222
Key Client 52,2024,216
Key Client 25,2024,179
Key Client 9,2024,164
Key Client 35,2024,157
Key Client 48,2024,145
Key Client 42,2024,142
Key Client 2,2024,140
Key Client 59,2024,139
Key Client 1,2024,136
Key Client 53,2024,136
Key Client 3,2024,117
Key Client 31,2024,109
Key Client 12,2024,103
