client_id;company_name;contact_person;phone;email;country;city
1;Huff, Novak and House;Carol Tucker;6.608.260.647;smoore@novak.net;Bahamas;Brianshire
2;Shaw-Farrell;Tyler Miller;(219)313-6193;ksandoval@stewart.com;Dominican Republic;Randyport
3;Stewart-Walton;Jimmy Murillo;518-738-4251;eric84@riggs.net;French Southern Territories;East Josephville
4;Tran, Nelson and Jacobs;Christina Walters;687-440-1640x052;barnold@smith.com;Mayotte;Port Mikeside
5;Jordan Inc;Steven Flynn;4535315869;theresacochran@johnson-doyle.com;Slovenia;Phambury
6;Moore-Haynes;Andrew Ruiz;7.756.433.036;rasmussenjoshua@hicks.com;Wallis and Futuna;North Natalieview
7;Carpenter LLC;Kyle Reed;569-781-6934x06088;qjones@hanson-alvarado.com;Saint Helena;Williamchester
8;Powell-Phillips;Jason Bentley;+1-729-994-6804x43699;nramos@kennedy.com;Palestinian Territory;West Zacharymouth
9;Cardenas and Sons;Courtney Gonzalez;5038791769;jross@watts.com;Slovakia (Slovak Republic);Robinsonhaven
10;Williams-Wright;Joyce Solis;+1-688-595-7986x87277;katie87@allen.com;Faroe Islands;Luisside
11;Taylor and Sons;Christian Lewis;(965)287-6036x69096;kenneth66@adkins.com;Libyan Arab Jamahiriya;West Ryan
12;Price Ltd;Jennifer Martin;929.480.6990x162;greenmark@murphy-juarez.biz;Fiji;Kingland
13;Smith-Ryan;Mrs. Marie Harrington DDS;001-603-730-9232x71937;catherinestuart@wilson.com;Mozambique;West Barbarafurt
14;David-Gonzalez;Sandra Sanchez;001-749-219-0586x518;gshort@yu-reid.info;Russian Federation;South Gregory
15;Sheppard, Nelson and Morton;Karen Graham;001-794-253-1473x7996;lrosales@lewis-salinas.com;Fiji;Angelahaven
16;Miller Ltd;Justin Allen;777.801.4363x4957;michael74@king-martinez.com;Germany;Lake Amandaburgh
17;Robinson Group;Kevin Wolf;+1-641-234-3524x082;tranheidi@little.com;Tunisia;New Justinfort
18;Peterson-Sheppard;Scott Wilson;667-319-0229;davidduran@carlson.biz;Korea;Evansshire
19;Torres-Oliver;Natalie Meza;4.342.123.281;mhayes@carter-hall.com;Reunion;Jonesbury
20;French-Weber;Taylor Coleman;-2597;harrisonkevin@bender-mason.info;Kazakhstan;New Billchester
21;Morris, Wright and Davis;Sara Johnston;4498027874;ecosta@ortiz-morris.com;Togo;West Robert
22;Roberts-Landry;Krista Gibson;945-916-8087x60385;harrisandrea@kim-wolfe.com;Antarctica (the territory South of 60 deg S);Lake Eric
23;Smith, Russell and Walker;Ashley Valentine;+1-827-548-4677x3782;michellehill@morgan-french.com;Swaziland;West Jessicashire
24;Duarte, Burns and Hernandez;Haley Arnold;-5082;julie66@sparks.com;Brunei Darussalam;Mollymouth
25;Fox Group;Charles Pitts;(817)745-9615;cbrennan@jones.com;San Marino;South Tiffanyville
26;Jackson-Evans;Frederick Brown;(856)523-8692x221;jdurham@murray.info;Equatorial Guinea;Port Stevenport
27;Payne, Jones and Landry;Elizabeth Hayden DDS;643.267.1369x594;khill@osborne.info;Syrian Arab Republic;Kimberlybury
28;Pham, Robinson and Lee;Perry Saunders;+1-421-504-7095x21456;kristinwalter@schmidt-mcintyre.com;Equatorial Guinea;Coffeyport
29;Harrell, Brock and Mcdonald;Paul Perez;+1-868-751-6048x17549;leonardthomas@henson.com;Oman;Lake Madisonport
30;Ortiz, Taylor and Shah;Johnathan Davis;-9892;rgilbert@vaughn.info;Kenya;Port Michael
31;Richardson, Winters and Newman;Donald Donaldson;513.590.0532x931;markhernandez@smith.com;Mauritius;Laurenville
32;Delacruz, Anderson and Howard;Leah Smith;302-968-1177x589;soniawilliams@boyd.com;Lesotho;Simmonsville
33;Joseph-Wallace;Erica Hernandez;(649)998-5698;sgarcia@farrell.net;Saint Helena;South Shannon
34;Gutierrez Group;Nicholas Edwards;245-727-1111x61528;jenkinsmorgan@parrish-griffith.com;Netherlands Antilles;Michaelshire
35;Lewis, Douglas and Walker;Ryan Richardson;001-649-636-8998x09402;michael22@sandoval.com;Bermuda;South Robert
36;Moore-Collins;Todd Carlson;9229901476;wnelson@wilson.org;Libyan Arab Jamahiriya;Brandonfurt
37;Brown, Harris and Dougherty;Pamela Roberts;707-362-2683;chensley@smith-morse.com;Morocco;Berrychester
38;Wilson-Smith;Robert Montgomery;001-651-761-3696x816;masonjackson@schultz.com;Guernsey;East Curtis
39;Gonzalez-Morrison;Mary Thompson;001-977-699-7995x52717;brittany58@collins.com;Azerbaijan;Marieland
40;Lin, Wyatt and Gilbert;Julie Spencer;001-707-393-5978x2071;benjaminzimmerman@warren-bishop.com;Holy See (Vatican City State);Paulmouth
41;Harper, Mccormick and Holland;Brandon Gregory;349-625-1925x4629;vschneider@santiago.net;Bermuda;Romerotown
42;Parker-Bean;Ralph Lee;(721)441-8880;lmoore@wise.info;Aruba;Diazbury
43;Bishop-Goodwin;Cynthia Allen;435.697.7468x8623;davidsonmorgan@villa.com;Finland;Port Ethanmouth
44;Hernandez, Kim and Potts;Jerry Bailey;7605685361;florescory@santos.com;United States Virgin Islands;Hortonberg
45;Harrison, Gilbert and Bullock;Daniel Hernandez;001-998-361-4341x0369;copelandvincent@smith.com;French Guiana;Smithstad
46;Duncan and Sons;Angela Villegas;288-888-8067;jon05@cooper.com;Sierra Leone;Dennisstad
47;Morgan, Day and Greer;Veronica Mendoza;(221)770-4303;zachary87@johnson-lucas.com;Guinea-Bissau;Port Dianaview
48;Lloyd Group;Natalie Kline;(452)677-5841x6169;curtis54@griffin-robbins.com;Portugal;Bellton
49;Berg, Gomez and Bolton;William Gould;265-482-0297;youngdeanna@reyes-bradley.org;Cape Verde;Rushstad
50;Hines-Berry;Jennifer Banks;6.106.278.681;nlewis@benson-lutz.com;British Virgin Islands;Port Charles
51;Roach Group;Rita Ponce DVM;+1-451-588-4422x58313;jjohnson@wood.org;Turks and Caicos Islands;North Kylefort
52;Jenkins, Ortiz and Andrews;Evan Jones;485.628.9226x801;fernandodonovan@reed.com;Tanzania;West Jamesside
53;Martinez-Turner;Kathryn Jackson;001-322-299-5900;debra96@fowler.com;Norway;Timothyfurt
54;Chavez-Barker;Jason Marshall;992-355-5625x88153;shannon21@roberts.org;Italy;Port Rachel
55;Peck-Griffith;Christopher Ferrell;774.270.1687x339;campbellcarla@chambers.com;Jersey;West Jessica
56;Diaz-Morales;Chloe Tran;468-378-4991;vbrooks@mcmillan.net;Iran;North Benjaminmouth
57;Stone-Hernandez;Brenda Velazquez;226-794-9588x87947;emily69@robles-swanson.com;Nepal;Bakershire
58;Perez, Williams and Castillo;Michelle Hampton;(523)809-1307x5626;vsalas@brown.com;Panama;Foxmouth
59;Stevens PLC;Hector Ingram;001-949-773-3484x3443;ybailey@hill.biz;Ukraine;Cardenasberg
60;Williams-Moses;Thomas Douglas;001-573-238-4842x1993;danawilliams@rivera-kennedy.com;Albania;South Denise
61;Woods-Gonzalez;Erica Brewer;001-219-238-0262x06724;ashley15@gibson-davidson.net;Lithuania;Port William
62;Lee-Rodriguez;Jimmy Scott;(805)749-3296;moralescody@woods.com;Eritrea;Youngview
63;Turner-Sharp;Matthew Schwartz;6177426841;jeffreyanderson@gibson.com;Israel;Toddborough
64;Becker PLC;Angela Griffin;001-451-791-0883x982;nwilson@aguilar.com;Korea;New Robert
65;Brown, Ford and Roman;Jennifer Velasquez;001-639-810-6518x0170;kaylacannon@brewer.biz;Kiribati;Bennettside
66;Valdez LLC;Willie Long;(830)504-7868;stevenmoore@pineda.com;Antigua and Barbuda;Mendeztown
67;Harris Inc;Jill Powers;4306673830;lisadennis@ray-barton.com;Dominica;Nancyhaven
68;Gutierrez LLC;Travis Hobbs;(868)870-5685;kevinwhite@wells.com;Sri Lanka;Melendezside
69;Faulkner-Grant;David Harris;+1-317-551-8304x6990;timothybooth@turner-stout.com;Vietnam;Lake David
70;Rocha-Dominguez;Jennifer Allen;746-578-5445x87717;lawrence09@figueroa.com;Micronesia;Phillipsborough
71;Hall-Hudson;Juan Harding;247-377-2522x87280;duranrobert@hall.net;Korea;Brucefort
72;Freeman, Smith and Arnold;Joseph Hill;608-762-1182x3398;laura15@stevens-sanchez.com;French Southern Territories;Lake Victoriaton
73;Sullivan Group;Amy Smith;(517)565-9180;enelson@frost.com;Christmas Island;Alexisborough
74;Thomas, Hoover and Nicholson;Elizabeth Elliott;001-268-356-2185;ehall@jacobs-austin.org;Indonesia;Anthonyview
75;Henry-Kelly;Jessica Frazier;+1-761-394-3114x26265;smithkyle@juarez-garcia.com;Colombia;Coleside
76;Russell, Johnson and Gomez;Kyle Nguyen;(404)666-1839x8262;joseph21@hamilton.com;Liberia;West Johnathanbury
77;Weber, Wheeler and Gonzalez;Eric Rush;796-457-5692x45937;snovak@neal.com;Greece;Ramirezfurt
78;Wilson-Elliott;Kimberly Maldonado;-5210;johnnymoore@mccormick-jones.org;Lesotho;Fergusonchester
79;Johnson, Schmitt and Miles;Linda Rocha;835-329-0965;garciajeffrey@stone.info;Holy See (Vatican City State);Fordshire
80;Mason, Cooper and Johnson;Jason Nixon;725-945-7387;kimheather@jones-williams.com;Angola;Deborahburgh
81;Sanchez, Thompson and Moore;Tina Hall;(522)566-0937x9660;karen19@lloyd.com;Haiti;Jamesville
82;Lambert-Burns;Emily Price;(791)355-7924x9912;kevinwhite@thomas.org;Hungary;Lopezside
83;Ellison, Arias and Thompson;Dylan Lopez;890.950.7236x887;cmckinney@jackson-cunningham.com;French Guiana;West Jeffreyport
84;Norman PLC;Pamela Dunn;591-848-5807;fitzgeralddesiree@evans.info;Estonia;Michelleland
85;Grimes-Wilson;Christine Rojas;001-659-462-9233x095;tiffany44@adams.com;Burkina Faso;Sellersview
86;Martinez, Cline and Wright;Sandra Juarez;+1-767-929-4667x11684;amurphy@davis.com;Thailand;Port Amandaborough
87;Summers-Simpson;Drew Kelley;(397)450-0170;bbryant@forbes.com;Cayman Islands;Clarencestad
88;Miller-Beck;Amber Garrett;001-936-211-0371x2938;dominguezlisa@benson-woods.com;Hungary;Lake Lindaville
89;Richardson-Evans;Robert Baxter;+1-921-589-0927x5326;mosleydonald@lawrence.com;Japan;Kyliebury
90;Newman-Wright;Michelle Mitchell;001-904-838-9836x403;allendanielle@rice.com;Vietnam;Davidshire
91;Diaz-Vega;Tiffany Townsend;6918043006;fmiles@herrera.com;Belgium;Port Eric
92;Myers-Walters;Melanie Jones;001-663-403-1617x990;smithderrick@martin.net;Maldives;Garyberg
93;Norman, Adams and Tanner;Alyssa Roman;481-749-1778x507;jonathangarcia@craig.com;Aruba;East Brandonstad
94;Mora-White;Amanda Pratt;001-263-453-6541x951;lindajarvis@jones-marshall.com;Singapore;Markside
95;Smith-Gonzalez;Elizabeth Dean;759.273.8320x603;aaron64@harris.biz;Liechtenstein;East Jenniferland
96;Morse PLC;Steven Ellis;001-519-618-2619x9062;melissa65@chavez-hall.com;Burkina Faso;East Danielmouth
97;Edwards-Martinez;Randy Hayes;541.712.4903x521;rpalmer@green-ewing.com;Zambia;Bondside
98;Pierce, Davis and Garcia;Barbara Brown;001-932-436-5199x41013;steinmaria@martinez-dunlap.com;Chile;Underwoodfurt
99;Johnson-Vega;Daniel Lopez;972-209-9934x768;ramirezderrick@day.com;Norfolk Island;South Kimberlystad
100;Stephens-Washington;Kathryn Price;(705)593-0407;craigsandoval@ferguson-moody.com;Serbia;New Meghan
101;Kelly-Combs;Casey Watkins;001-459-905-9929x3784;davisjesse@smith.com;Greenland;Port David
102;Thompson, Lang and Oneill;Charles Bush;(718)651-5691;derek26@yu.net;Puerto Rico;Jeffreyshire
103;Gray Ltd;Bethany Daniel;001-996-490-2959x391;julie35@jackson-mcclure.com;Swaziland;Seanview
104;Wright Inc;Richard Le;8673626765;kkramer@chang.com;French Polynesia;West Joseville
105;Peterson Group;Benjamin Mcmahon;859-497-0629;garciajamie@ortiz.net;Estonia;Kennethville
106;Long PLC;Brittany Ward;(614)897-3103x24171;qburns@davis-stephens.com;Heard Island and McDonald Islands;Woodmouth
107;Baker Group;Russell Elliott;(211)858-6938;rsheppard@armstrong-young.com;Belgium;Orrton
108;Duncan, Black and Duncan;Mrs. Tiffany Cole;(433)620-6163;renee11@hawkins-arnold.com;Mali;Starktown
109;Dean, Mills and Barnes;Charles Matthews;001-911-291-4856x46799;joshuathomas@becker.com;Portugal;North Julie
110;Prince-Smith;Elizabeth Ramirez;513.824.7546x9137;xmalone@robertson.com;Georgia;Taylorhaven
111;Johnson, Lee and Whitaker;Danielle Bryant;(934)457-8610x357;wmatthews@martin-kline.com;Finland;South Brandonshire
112;Vincent Ltd;Daniel Pearson;800.772.2903x49446;dking@byrd-holloway.biz;Myanmar;North Williamstad
113;Holland, Lynch and Evans;Arthur Mcneil;+1-454-244-3283x0965;qbright@sullivan-doyle.org;Russian Federation;West Jessica
114;Parks Ltd;Susan Powers;542.782.4172x48251;julieparker@watson-richards.info;Thailand;South Brianshire
115;Blackburn, Jones and Preston;Sharon James;360-922-3569x7252;crystal25@brown.com;Morocco;South Kristen
116;Anderson Group;Jennifer Sanford;(500)783-5058x3003;david68@torres.com;Korea;Ryanberg
117;Ferrell-Henry;Carmen Meadows;(803)632-3098x2150;wheelerbrandon@valdez.com;Portugal;South Seanville
118;King, Miles and Harris;Alexandra Fisher;384-699-2618;glovertyler@gonzalez.com;Guinea-Bissau;Phillipston
119;Crawford, Clark and Fitzpatrick;Aaron Powers;597-921-8114;joseph01@sawyer.com;Spain;Ronaldville
120;York Inc;Charles Holland;857-994-1552x16674;zbanks@wilson.com;Western Sahara;North Robert
121;Webb, Carroll and Kim;Peggy Carr;+1-527-771-6701x45089;reynoldsjessica@reed-rhodes.biz;Canada;North Dawnburgh
122;Allison, Christian and Booth;John Allen;908-338-6631x779;hwest@mcgee-smith.biz;Isle of Man;New Andrealand
123;Richmond, Walsh and Wu;Mary Bryant;550-237-5899x75711;michael48@brooks.info;Burundi;Rodriguezborough
124;Martinez Group;Roger Lee;216-809-1779x82708;xglass@holt.com;Bosnia and Herzegovina;Sandovalmouth
125;Keith, Barnes and Lynch;Danielle Sanders;547-622-6984x85833;samantha22@daniels.com;Monaco;Aguilarchester
126;Adkins, Skinner and Mitchell;Rhonda Mills;6624003424;vaughnkenneth@johnson.net;Tonga;Lake Deborah
127;Young-Mueller;Donna Beck;(566)558-0043x9735;shane12@moss.biz;Armenia;Ramirezview
128;Martin LLC;John Pineda;7253909479;alicia28@hartman.biz;Mayotte;Davisbury
129;Alvarado LLC;Daniel Goodwin;378.801.5739x93056;amber40@short.info;Libyan Arab Jamahiriya;West Rachelborough
130;Palmer-Vaughan;Tyler Medina;3134361386;stevensmartin@jones.com;Moldova;New Lorraineview
131;Hughes-Mccoy;Alan Nunez;-1085;catherine47@foster-guerrero.info;Cayman Islands;East Julie
132;Phillips, Walters and Evans;Traci Camacho;+1-350-688-2100x9968;kaitlinberger@lewis-whitehead.net;Cambodia;East Jeffrey
133;Lee-White;Sarah York;-3104;david31@harvey-mccullough.com;Libyan Arab Jamahiriya;Murphyport
134;Silva, Cunningham and Diaz;Jeffrey Smith;9.367.452.577;tony12@obrien.com;Uganda;West Jessica
135;Jones, Jones and Smith;Amanda Perkins;(693)408-4887x2563;fmason@cox-smith.com;Thailand;Port Willie
136;Moore-Knight;Shelby Thomas;001-775-803-7314x5303;chardin@hooper.com;Romania;Maryview
137;Stephens, Thompson and Valdez;Matthew Houston;946.438.6557x79082;chrisschneider@hernandez.com;Netherlands;Lake Jerrymouth
138;Wilson, Leonard and Mendoza;Maria Jenkins;4.022.992.280;jonathanwhite@greene-elliott.com;Turkey;Staceyborough
139;Obrien-Ruiz;Mr. Jason Thomas;001-329-584-2579;gcruz@harris.biz;Sweden;New Cole
140;Valenzuela-Greene;Kim Goodwin;772-298-0686;zperez@clarke-james.org;Spain;South Dennisfort
141;Kent Inc;Shawn Ortiz;5.007.981.806;jcox@pearson-king.net;Jamaica;Cherylfurt
142;Gutierrez PLC;Mr. Justin King;795-262-1372x1386;paulfields@morrow.org;Jordan;North Josestad
143;Lynch Ltd;William Mendez;549.402.7703x84309;warddiana@miller.biz;Guinea;Sullivanborough
144;Smith, Padilla and Calhoun;Molly Hansen;001-255-643-9376;richardrodriguez@gordon.com;Spain;Nancyshire
145;Benson-Church;Patricia Todd;001-777-290-7141x63356;john16@goodman.com;Lebanon;Michaelshire
146;White-Reese;Cheryl Mclaughlin;4.343.333.395;moraemma@vasquez.com;Thailand;Watsonmouth
147;Villanueva-Ibarra;Denise White;001-784-863-9208x67808;stephenmartinez@stevens.com;Hong Kong;West Michaelview
148;Dunn and Sons;Tyler Cooper;(976)436-5564;tiffanyparks@le.net;Jersey;Gonzalezberg
149;Shaffer-Thompson;Dr. Samuel Holmes DDS;344.989.0612x0347;jordan58@frederick.com;Guernsey;New Barbara
150;Ryan, Krause and Mitchell;Jordan Hampton;816.394.7225x699;martinjeremy@delgado-page.org;Oman;Nelsonmouth
151;Adkins-Meyer;Christopher Dickerson;(334)913-2611;johnsonrandy@garcia.com;Belize;Parkerbury
152;Mitchell, Sims and Anderson;Alyssa Alvarado;877-684-8728x29979;timothy31@parker-gutierrez.com;Gabon;North Alexandraberg
153;Mitchell-Nichols;Katherine Campos;806-549-3085x3686;jenniferbrewer@walker-miller.com;Maldives;Justinside
154;Gutierrez-Castaneda;Dylan Walsh;+1-474-397-3502x080;joseph70@davis.info;Cuba;Robertfort
155;Ford-Moody;Ryan Lynn;8462187234;villegasjennifer@wise-ramos.com;Congo;Mossville
156;Wade, Clark and Price;Taylor Moore;001-508-881-4743x5031;alexis49@foster.com;Armenia;Barkerberg
157;Townsend-Wright;Mr. George Booker DDS;7057281273;bquinn@gray.com;Libyan Arab Jamahiriya;Hansenside
158;Henry, Knight and Stephens;John Dillon;+1-282-818-2744x857;nicoleharvey@parsons-allen.com;Palestinian Territory;Leefort
159;Moore, Campbell and Ortiz;Brent Hopkins;2228031731;sfox@scott.com;American Samoa;Lake Travis
160;Mcdonald Ltd;Justin Hurley;(550)894-8014x13811;jamessandoval@garrett.biz;San Marino;Port Daniellestad
161;Ellis, Ortega and Andrade;Christopher Morales;528-597-5585x56659;vcannon@ward-chavez.biz;Afghanistan;West Caitlinhaven
162;Holder LLC;William Lewis;404-688-8992x10752;pamela33@shepherd-davis.biz;Montenegro;Lake Chris
163;Mcguire-Thompson;Melissa Johnston;794-809-6105;hconrad@adkins.com;North Macedonia;Brownhaven
164;Flores PLC;Jonathan Walker;6678998136;davidmiller@mcgee.biz;Macao;Ayalaberg
165;Castillo and Sons;Matthew Gonzalez DDS;001-783-731-4659x1166;malikwheeler@carrillo.com;Nicaragua;Hansonmouth
166;Glass and Sons;James Todd;310-639-2405;vruiz@singh.com;Mayotte;Anaberg
167;Hale, Smith and Aguilar;Amanda Jackson;639-840-7016x4510;tinaromero@garcia.net;Benin;East Vincent
168;Castro-Marquez;Thomas Torres;862.205.5543x8404;jeremiah56@taylor.org;Tunisia;South John
169;Simmons LLC;Erin Daniels;8.294.832.482;lonniegrant@wilson.com;Serbia;Nicolechester
170;Turner-Reese;Mallory Rodgers;(531)522-0994;gracehoward@chan.info;Rwanda;Jackfurt
171;Wells-Martin;Jason Novak;563-833-1279x757;mparsons@holloway.org;Nepal;New Danielmouth
172;Rich and Sons;Jennifer Moss;-6334;robertoaustin@vaughn.info;Switzerland;Davishaven
173;White PLC;Melissa Taylor;(357)302-7937x14521;fwalters@zimmerman.org;Zambia;South Andrea
174;Tate LLC;Mary Hernandez;(320)464-4742;adamcannon@ellis.net;Sri Lanka;New Nicolebury
175;Chapman Group;Jeremy Burke;4382498302;benjamin09@evans.biz;Christmas Island;Lake Justin
176;Holt, Larson and Cobb;Jesse Riley;3146556168;staylor@murphy-gutierrez.com;Qatar;New Brian
177;Blair, Fuller and Benitez;Mr. Timothy Andersen;969-954-8995x2997;nicolehall@krause-smith.com;Lao People's Democratic Republic;Lake Melaniechester
178;Williams-Bailey;Christy Davidson;001-744-814-4885x015;collierjames@nielsen-mendoza.info;South Georgia and the South Sandwich Islands;Lake Derekberg
179;Murray, Grimes and Huang;Robert Reilly;7847958803;montesjuan@morgan.net;Tajikistan;New Catherine
180;Larson LLC;Emily Johnson;(517)335-7438x42150;zhunter@stein-moore.com;Uzbekistan;Oconnorhaven
181;Rowe-Thomas;Samantha Hurley;+1-923-207-6810x40915;meyerdonna@johnson-blake.com;Gibraltar;East Justin
182;Flores, Alexander and Wilson;Donald Smith;+1-588-413-8585x424;collinspatricia@wallace.com;Botswana;Brownchester
183;White-Carlson;Sara Lyons;+1-354-953-8179x217;gabrielle77@meza.org;Eritrea;Philipmouth
184;Chavez-Johnson;Gregory Murray;(345)799-2816;sparksamanda@garza-allen.com;Mexico;South Patrick
185;Clark-Benson;William Bradley;983-421-9719x97581;stephanie19@jennings.biz;Greece;Newmanton
186;Robinson and Sons;Stephanie Fields;9225784699;erinstewart@bauer.biz;Saint Barthelemy;Veronicashire
187;Carr PLC;Cameron Phillips;(880)708-5140x369;bsullivan@clark.net;Hungary;Maryberg
188;Bright-Santiago;Benjamin Smith;001-876-921-2679x6927;lkelly@jacobs-lane.com;Rwanda;Robertside
189;Richardson, Good and Carroll;Ashley Olson;001-912-384-7818x913;chloe58@harrison.info;Montserrat;Robertport
190;Jackson-Neal;Elizabeth Glover;307-492-9049x047;yorkjoshua@gilbert.com;American Samoa;New Gregshire
191;Hernandez, Griffin and Morton;Michael Washington;705.212.9276x63723;karla10@marshall.com;Lebanon;South Frances
192;Wells-Thomas;Alexandra Ho;665.680.1856x945;scottbreanna@mejia-curry.org;Sierra Leone;New Matthew
193;Kaiser, Edwards and Smith;Barry Jenkins;517.353.4430x09109;millercassandra@douglas-yoder.org;Spain;North Heather
194;Phillips-Guerrero;Jesse Carney;001-465-942-1406x65044;vasquezsarah@long.net;Seychelles;Robinsonville
195;Baldwin-Garcia;Kenneth King;207.920.0642x569;ugraham@fernandez.biz;Zimbabwe;Martinezside
196;Cook-Turner;Zachary Holland;(685)817-4328x063;mccoymichael@mcclure.com;Burundi;East Anthonyshire
197;Burns Inc;Maria Porter;400.550.5061x387;johnsondonald@smith.com;Reunion;North Gerald
198;Conway Inc;Christopher Garza;717-899-3136;david98@morris.com;Nauru;West Bryan
199;Thomas-Perry;Kristen Gonzales;001-302-219-6207;whitechristopher@wheeler.info;Puerto Rico;East Douglas
200;Mills-Jenkins;Lisa Johnson;(579)514-5608;downstiffany@cox.com;Kyrgyz Republic;West Brian
201;Hogan Ltd;Susan Jimenez;(900)254-3645;yangsara@moore.info;Malaysia;North Pattymouth
202;Riley, Barnes and Burgess;Crystal Rodriguez;9.132.636.317;nthomas@thompson-brooks.info;Saint Helena;Lake Michael
203;Harris-Martinez;Amy Taylor;576.325.3492x929;fvincent@vargas.com;American Samoa;Fitzgeraldbury
204;Murphy PLC;Timothy Shah;001-806-900-7806;chavezjohn@mullins.com;Bulgaria;Kennethland
205;Castillo LLC;Joe Hudson;001-207-372-6257;vbarry@johnson.org;Mauritius;Port Gail
206;Gilmore, Fitzgerald and Brown;Megan Barron;365-579-0552;tinaallen@banks.org;Tunisia;Port Julie
207;Flores LLC;Jenny Brown;(757)378-8178x847;patriciaellis@myers.com;Zimbabwe;North Fredville
208;Hernandez, Hernandez and Harris;Alison Butler;+1-782-875-6704x31038;diana57@wade.info;Gabon;Port Kirk
209;Perez-Watson;Ryan Hernandez;272-792-8422x2231;scottwood@hart.com;Guatemala;West Shane
210;Ferguson Inc;Jennifer Porter;(975)620-8854;laurenchandler@morgan-rodriguez.info;United Arab Emirates;East Ericaville
211;Johnson-Williamson;Hunter Nguyen;+1-839-583-4301x871;mstewart@harding.com;Saint Barthelemy;Woodstad
212;Mitchell LLC;Jeremy Hoffman;3.764.742.662;kevinmcneil@hatfield.biz;Benin;South Danielleview
213;Thompson-Murray;Suzanne Gonzalez;(248)470-4947x8730;kevin71@wade.com;Antarctica (the territory South of 60 deg S);Port Joshualand
214;Reese, Perkins and Cunningham;Lori Alvarez;001-915-489-0429x025;frank45@fields-friedman.com;French Guiana;Alyssaland
215;Lee, Burton and Duran;Carol Morris;944-851-8952x02845;samantha21@moore.com;South Africa;South Stevenland
216;Fuentes Inc;Eric Cox;698.452.4013x223;davidmiller@hines.info;Saudi Arabia;Williamsville
217;Mcguire PLC;Julie Kerr;5144011939;anthony24@bailey.org;Dominican Republic;North Loritown
218;Robinson, Lee and Campbell;Kimberly Beltran;438-775-9271;gcoleman@russell.com;Lao People's Democratic Republic;New Derekstad
219;Roberts, Bowen and Miller;James Bryant DDS;+1-373-886-4631x75207;rmills@wilson.biz;Puerto Rico;Lake Saraburgh
220;Cox and Sons;Kurt Ewing;736-974-9946;garcher@hernandez-gibson.com;El Salvador;Crawfordberg
221;Garcia Inc;Kathleen Johnson;(369)952-4991;qharris@henry-green.com;Sudan;Port Anthonychester
222;Reyes LLC;Jessica Johnson;(984)327-6246;rkeller@armstrong.net;Azerbaijan;Bakershire
223;Jensen-Gomez;Erica Johnson;8257590561;robert03@young.org;Belize;Port Kevinmouth
224;Smith LLC;Matthew Henderson;964.307.9056x96591;matthewshaw@morgan.biz;Cook Islands;Reidland
225;Lewis, Baker and Evans;Regina Weber;991-895-4198;michaeljones@wagner-evans.net;Germany;South Richard
226;Robertson, Powers and Kelley;Lori Black;(297)537-4896;steven32@jennings.com;Tokelau;Lake Jameschester
227;Colon-Lucas;Kyle Sullivan;823-803-4778;harrisjoseph@green.net;Christmas Island;Lake Toddtown
228;Heath Inc;Edward Brown;(951)362-3198x18984;carolmejia@murphy-silva.biz;Sri Lanka;South Jeffery
229;Thompson LLC;David Lawrence;785.615.8673x4257;brewerrebecca@skinner.com;Portugal;West Angela
230;Fowler-Haynes;Melinda Nichols;6.765.064.413;ruthwelch@sullivan.info;Latvia;Housemouth
231;Henderson, Sellers and Garcia;Dean Jones;(798)357-0027x20634;moorezachary@hines.com;Korea;Russoberg
232;Thompson-Watkins;Douglas Miller;(926)569-3008x931;jacqueline20@williamson-burke.com;Benin;Georgeshire
233;Smith PLC;Thomas Chavez;+1-571-633-3447x62639;robertortiz@johnson.com;Niger;Solomonstad
234;Sutton, Ellis and Smith;Frank Steele;+1-736-269-4118x00537;kingchristine@madden-lambert.com;Uganda;New Harryburgh
235;Vasquez, Morgan and Mcdonald;Michael Hamilton;615-702-7456x449;ustafford@vang.info;Austria;East Brian
236;Johnson LLC;John Wilson;507.658.7771x2151;marybrady@elliott-alvarado.com;Myanmar;New Katieburgh
237;Knapp-Sanchez;Mr. Gary Mitchell DVM;965-991-5201;rfuller@barrett.org;Zambia;Nguyenshire
238;Lewis Inc;Diane Yates;001-518-496-1642x3610;schan@goodwin.info;Spain;Fitzgeraldport
239;Munoz, Howard and Davis;Curtis Griffin;(374)299-6165x9266;teresa32@rose-holland.com;French Guiana;Kimfort
240;Hernandez-Anderson;Sarah Mills;690-781-0818x6617;brenda80@yang.com;Solomon Islands;Port Phillip
241;Butler Ltd;Kevin Gibson;+1-279-245-2321x94168;kwilson@woods.org;Saint Kitts and Nevis;Turnerstad
242;Nunez, Vaughn and Foster;Calvin Smith;503-303-7236;kayla27@johnson-martin.com;Saint Vincent and the Grenadines;Maynardfort
243;Heath PLC;Edward Gallegos;(905)801-6679x9840;upalmer@mcconnell.com;Rwanda;New Andrewshire
244;Tran-Adams;Stacy Wilson;+1-557-760-2437x573;sanderson@dawson.com;South Africa;Marshburgh
245;Clark, Vazquez and Miller;Mr. Christopher Vasquez;(274)333-8005x45228;ryan93@hoffman.com;Guam;Kaylaside
246;Kemp-Castaneda;Lindsey Garcia;2773119918;crystalpitts@moore-carter.info;Serbia;Oconnorville
247;Holland LLC;Barbara Harris;(403)875-4821x45653;devinpatterson@villanueva-crane.net;South Africa;Sherrymouth
248;Carrillo Ltd;Terri Miller;662-760-6029x08466;alan48@knapp.com;Tuvalu;Terryfurt
249;Ibarra Inc;George Hardy;001-228-284-3188x4852;john46@rodriguez.net;Guinea;North Katherineville
250;Evans-Doyle;William Trujillo;001-498-893-5449;danielblack@carson.info;Bolivia;Lake Ronald
251;Miller-Brown;Karen Griffin;(986)898-8649x767;drewmartinez@ellis.net;British Indian Ocean Territory (Chagos Archipelago);South Thomas
252;Moore, Hansen and Dorsey;Samuel Rodriguez;(994)208-2154x544;douglaslawrence@zuniga.com;Cuba;Port Jodi
253;Martinez LLC;Andrew Olson;497-756-7922x8777;marshelizabeth@hughes-mccullough.com;Mauritius;Lake Pamelaview
254;Davis, Martin and Johnson;Patricia Parker;+1-218-313-9890x9837;suzannehill@sanchez.org;Kenya;Port Amandamouth
255;Chapman-Henry;Gina White;4856641118;iantate@parker.com;Bahamas;Howardton
256;Price-Flores;Frederick Bennett;803-339-9378;bruce78@jones-johnson.com;United States Minor Outlying Islands;West Angelashire
257;Garcia, Hines and Pearson;Keith Griffin;+1-283-925-8238x6870;denise20@mahoney.com;Netherlands Antilles;Maryfurt
258;Kirby-Lewis;Diana Martin;-7659;cherylbernard@henson-dougherty.com;Sao Tome and Principe;Nelsonmouth
259;Clark-Haley;Thomas Anderson;8973002687;ryanpatricia@wallace.biz;Sweden;Paultown
260;Ford and Sons;Daniel Smith;953-519-4337x504;gonzalezlori@rodriguez-ramirez.net;Lithuania;New James
261;Knight, Fleming and Cunningham;Carl Brown;293-884-3089x487;nashmarcus@hill-frazier.info;Lithuania;Zacharyton
262;Walker, Ramirez and Fisher;Aaron Lee;790-636-1332;garrettcolin@reynolds-johnson.com;Tajikistan;Johnfort
263;Benjamin Inc;Kelly Young;299-271-7911;sedwards@patton.info;Azerbaijan;Cherylchester
264;Garcia Inc;Elizabeth James;996-839-9076;morgansharon@gibson.org;Congo;North Alexanderland
265;Clarke, Lee and Berry;Dawn Fisher;001-797-623-2002x4968;dylanparker@carter-cordova.net;Namibia;North John
266;Trevino, Henderson and Gonzalez;Terry Glover;337-979-5995x94652;crawfordsamantha@walker.com;Liberia;Lindsayfurt
267;Ross Inc;Benjamin Johnson;524-573-9500;grant42@abbott-sanchez.com;Angola;Port Jose
268;Smith Ltd;Matthew Dyer;434-573-5528x96112;amandabenson@greene-rowland.com;Uruguay;Port Christinaborough
269;Phillips, Hernandez and Wright;Diana Martinez;997.431.7912x86857;jennifer87@sosa.org;Pakistan;East Jeffreyborough
270;Roy-Foster;Stephen Duncan;(248)912-1478x539;ronald76@richardson-jimenez.com;Hong Kong;East Scottview
271;Jones, Valenzuela and Phillips;Kimberly Miller;631-611-5083x535;james92@singh.com;Finland;Kristafurt
272;Underwood-Todd;Matthew Hays;(963)933-7389;latoya53@carrillo-wolfe.com;Kazakhstan;Farrelltown
273;Taylor-Russo;Oscar Porter;+1-455-436-6684x59090;ashley99@camacho.biz;Bahrain;Lopezville
274;Hudson-Hayes;Anna Garcia;-1747;jessekeller@gibson.net;Algeria;West Michele
275;Myers-Mayo;Jason Paul;(932)634-6729x9493;adrianthomas@summers.com;Malta;Reneefort
276;Ford-Williams;Matthew Ellison;(446)392-6329x676;chale@mcclure.com;Turkmenistan;Elizabethland
277;Barber, Barrera and Kerr;Philip Martinez;(911)285-6724x380;fowleremma@james-reese.com;Indonesia;North Johnberg
278;Santiago-Marshall;Bradley Sandoval;001-372-874-2209x124;chrisgallagher@nelson.com;Uganda;South Heather
279;Cain, Davidson and Moran;Jeanette Parker;5903063353;fisherveronica@hoover-frazier.com;Cyprus;Port Maryburgh
280;Jackson, Perry and Rodriguez;Justin Lopez;7.864.613.315;moralesleslie@lewis-robinson.com;Pakistan;Bradleyborough
281;Turner-George;Mrs. Kimberly Mooney;001-424-719-5625;bjones@barr.com;Macao;East Andrewville
282;Young-Patterson;Bobby Taylor;743.226.3039x7524;swong@perez.com;Guam;East Amber
283;Mcneil, Solis and Horton;Shane Boyd;(570)417-1302;thompsonana@young.biz;Saint Kitts and Nevis;Collinsborough
284;Coleman PLC;Dustin West;+1-834-471-5662x7768;ysmith@dickerson-blake.com;Nepal;New Jessica
285;James-Torres;Justin Castillo;727-832-3008x57666;lparker@ortiz.com;Hungary;East Kathryn
286;Wise-Walton;Michael Reid;(906)463-3705x024;john92@wilson.biz;Indonesia;New Reneechester
287;Gallegos LLC;Kathryn Ferguson;(294)461-1952x4364;esmith@butler.biz;Chile;West Jacob
288;Gonzalez and Sons;Ashley Bradley;3.234.023.467;carternicholas@brown-johnson.com;Lesotho;Chambersville
289;Brown Inc;Rachel Williams;7.808.698.477;nathan55@everett.biz;Honduras;West Morganville
290;Bryant Ltd;Russell Buckley;9918843579;aaronlittle@smith-ward.com;Sri Lanka;Ericabury
291;Washington, Stevenson and Bauer;Todd David;316.649.3289x8027;cjackson@olson.com;Ecuador;East Karen
292;Graves, Garcia and Holder;Timothy Nguyen;(343)747-1287x1539;vkent@hardy.biz;Sri Lanka;East Jonathon
293;Miller-Davis;Teresa Garner;295-525-6904;uwhitney@salinas-peck.com;Mali;North Randall
294;Phelps, Stewart and Cabrera;Daniel Frazier;(394)620-9548;nwelch@carter-levy.com;Sudan;Ericborough
295;Michael, Walker and Fitzgerald;Patty Gates;001-364-620-8656x7566;heather38@davis-morris.org;Tonga;Port Sarahport
296;Pena-Ray;John Merritt;8.334.059.126;davisterri@landry.net;Pakistan;Brittneyberg
297;Sharp, Sanchez and Wilson;Eric Carlson;(361)376-4750;martinezdarlene@walker.info;Falkland Islands (Malvinas);Port Brittanyfurt
298;Cooke-Park;Calvin Nguyen;001-382-560-6888x718;whitecarol@smith.com;British Virgin Islands;East Baileyburgh
299;Hart Inc;Caleb Evans;-5412;hneal@obrien-dixon.com;Panama;East Benjaminberg
300;Chase-Lewis;Juan Vargas;329-661-8446x267;jbentley@harris.com;Rwanda;Annehaven
301;Martin, Underwood and Stewart;Jamie Maynard;7.143.181.861;regina42@hill.biz;Cyprus;Lynnville
302;Fox LLC;Renee Davis;(794)884-9102x562;qvargas@parks.com;Palestinian Territory;East Nicholas
303;Adams, Sellers and Fowler;Richard Gregory;(672)875-7844x68341;megan11@allen.com;Samoa;Angelafort
304;Hayden Group;Tara Taylor;288.916.0930x6853;emilymacias@mckee.com;Malaysia;Stephaniechester
305;Gray-Brooks;Thomas Wright;-5790;sarah80@stafford-charles.com;Guinea-Bissau;New Stevenport
306;Rodriguez-Bailey;Jennifer Smith;(973)818-8261x70243;kevin62@cain.info;Central African Republic;West Julie
307;Howard Ltd;Colton Williams;(465)702-3741x6787;vshaw@anderson-rosario.com;Brunei Darussalam;West Vincent
308;Young, Gregory and Peterson;Nancy Hamilton;647-516-3928x2341;tgonzalez@haynes.org;Cocos (Keeling) Islands;Port Brittany
309;Hernandez, Martinez and Morales;Corey Thomas;5935106684;ronald08@schneider-torres.com;Haiti;Sherrychester
310;Flores Inc;Aaron Guerrero;334-374-9162x47554;vegakaylee@rivera.com;Samoa;Johnview
311;Silva Inc;Bianca Newton;709-633-7118;mmayo@le.net;Rwanda;Patriciaside
312;Jacobson-West;Susan Jones;(988)302-9424x09036;samuelhicks@chan.com;Afghanistan;New Jeffery
313;Smith, Mcfarland and Hunt;Michelle Green;5.446.812.308;bowmansheri@ho-nelson.com;Norway;Port Jason
314;Smith LLC;Valerie Nguyen;001-684-426-9450x053;teresa89@sharp.biz;Yemen;Mollyside
315;Montoya and Sons;Damon Soto;001-462-573-6527x17272;lharding@campbell.biz;Poland;North Douglas
316;Sanchez-Stout;Ariel Rose;001-609-416-6010x0231;sparksalbert@daniels.com;Cook Islands;South Kathleen
317;Ochoa-Parker;David Stephens;281-500-1841x862;perezpaul@rios-perez.biz;Poland;South Gavinville
318;Garcia LLC;Luis Wilson;409-822-6859;patriciamcdaniel@roth.info;Panama;Sarahland
319;Hensley and Sons;Bridget Hernandez;871.719.6421x522;troy76@leon.com;Hungary;Dunnside
320;Vasquez, Herrera and Hall;Miguel Rose;001-731-735-0305x87210;kenneththomas@bonilla.com;Azerbaijan;North Suzanne
321;Thomas, Quinn and Horton;Anthony Rodriguez;001-317-592-0252;smithmariah@hernandez-white.com;San Marino;Theodoremouth
322;Harrington-Dominguez;Christopher Ibarra;6926820667;rodneymoore@boyd.com;Iran;East Philipside
323;Skinner, Velasquez and Mcdonald;Martin Wilcox;(705)763-4111;allenfrancisco@jones.com;Saudi Arabia;Jacobborough
324;Hickman, Allen and Miller;Amanda Downs;800.751.4054x6835;jacquelinedavis@mosley-gordon.net;Sri Lanka;North Brenda
325;Woods-Melton;Christopher Fleming;713-932-2889;matthewward@williams-marquez.biz;Dominican Republic;New Catherine
326;Bradley Group;Adrian Miranda;781-771-7524x2149;jonesjennifer@scott-kennedy.com;Serbia;Santosberg
327;Bonilla Group;Scott Morales;+1-627-258-9551x687;figueroajohn@smith.com;Montenegro;Nashbury
328;Sawyer-Caldwell;John Nichols;711.921.6636x515;jacquelinealvarez@gibson-gardner.info;Cameroon;West Ashley
329;Schroeder, Brown and Stokes;Veronica Lewis;6.068.442.121;evansjennifer@warren-caldwell.com;Colombia;North Pattychester
330;Richmond-Phillips;Tom Olson;-6973;mariodowns@newton.com;Ukraine;Peckfort
331;Wilson-Cordova;Joseph Smith;827.591.0336x829;jason39@wood.com;Gabon;Wayneville
332;Porter, Duarte and Gutierrez;Ronald Simmons;001-651-827-6528x92866;jacqueline11@davis.org;Venezuela;Garciaside
333;Schultz PLC;Amanda Roberts;(233)778-6137x15766;williamadams@baker.biz;Peru;North Rachel
334;Johnson-Johnson;Sara Stone;001-295-852-9638x6396;sheilamyers@thompson.biz;Djibouti;Lake Lauriehaven
335;Welch Group;Lori Green;-1715;armstronganthony@anderson.com;Colombia;Lake Rachael
336;Lee-Pittman;Renee Gray;304-412-0911x791;jose21@snyder.com;India;South Laurachester
337;Tucker Ltd;Michael Brooks;272-424-0299x01557;sara39@herrera.net;Senegal;East Michelle
338;Roach Inc;Daniel Luna;(944)973-1584;zhunt@wright.com;India;New Laurashire
339;Martin-Harris;Jessica Griffin;+1-345-991-9663x955;pamelarubio@matthews-carter.net;Guinea;Johnsonburgh
340;Jordan-Lopez;Daniel Watson;(751)505-0537;cruzcarolyn@robinson.com;Montserrat;Flemingchester
341;Li-Gonzalez;Johnny Williams;261-617-2959x639;schneidermelissa@buck.com;Tajikistan;Johnsonside
342;Williams, Newman and Jones;Robert Cummings;955-961-8579x064;cameronsharon@johnson.com;Burundi;West Michellechester
343;Jackson and Sons;Robin Cabrera;-2380;knelson@silva.com;Ghana;Port Breanna
344;Walsh-Barnett;Cynthia Woods;345.373.1441x5833;abrown@robinson.com;Guam;Port Brittany
345;Palmer, Edwards and Blackburn;Mary Abbott;823-556-7983;ramirezfrank@lynn-ray.com;Cameroon;Walterville
346;Smith Group;Allen Stanley;854.718.1563x268;alexandermitchell@wong.biz;Congo;Jaimeburgh
347;Hill, Lawson and Stone;Anthony Wright;331-600-9431;nicolelyons@myers-garcia.com;Lithuania;East Kristi
348;Walsh-Mccarthy;Aaron Lopez;001-497-243-2512x257;bpatterson@mccann.com;Philippines;New Michaelfort
349;Smith, Marks and Kennedy;Alan Frazier;638-982-2114x5775;michael05@mckinney-vance.org;Liberia;West Ginatown
350;Irwin and Sons;Brenda Jimenez;6.969.531.361;josephshelton@myers-butler.com;Georgia;North Bethany
351;Cooper, Salazar and Hamilton;Walter Sparks;910-672-7284x9824;marshalexis@robinson.com;Austria;Torreschester
352;Keller-Smith;Gregory Campbell;782.514.2369x14307;ghenderson@mora-harper.com;Mongolia;Sheltonmouth
353;Taylor, Saunders and Wright;Curtis Torres;797-982-6612x8758;ronald66@johnson-hansen.biz;Benin;New Rebecca
354;Carpenter LLC;Joshua Cunningham;306-726-0787x0104;shortariana@rivera.net;Saint Vincent and the Grenadines;Lake Jamieberg
355;Yang, Simpson and Walker;Sarah Turner;507-593-1102x9181;wellsmarissa@myers-howe.com;Iraq;Mcgrathbury
356;Green, Salazar and Gonzales;Barbara Thomas;9226328837;elizabeth97@contreras-myers.com;Kyrgyz Republic;Liberg
357;Campbell Inc;Alexandra Turner;+1-597-705-2774x0258;lpalmer@hernandez.info;Saint Barthelemy;West Kristen
358;Turner, Long and Hendricks;Jamie Ruiz;+1-329-288-4259x95996;christianerik@ortega.info;Gibraltar;Port Lindsey
359;Flynn, Garcia and Gilmore;Janet Mcpherson;209-441-0175;daniel76@zhang.net;Cook Islands;West Travis
360;Mitchell, Harris and Martin;Rhonda Lee;001-301-730-2056;faithrosario@may.org;Sweden;Masonstad
361;Yoder, Castaneda and Solis;Mario Sawyer;001-212-784-1173;walkershelia@myers-howard.com;France;New Barbarahaven
362;Porter, Ross and Brown;Ashley Ruiz;700-256-4350x238;trevorshaffer@strong.com;Guatemala;South Carlyland
363;Mendoza, Anderson and Cummings;Jonathan Perez;(267)943-0003x896;hughesnicholas@jordan.net;Burundi;South Davidstad
364;Lee-Kim;David Chapman;2.684.900.301;cwhite@bailey-rios.com;French Guiana;New Raymond
365;Martinez, Jones and Wright;Kathleen Moss;(337)245-8438x458;rachel97@miller-barr.net;Djibouti;Judyborough
366;Watson and Sons;David Alexander;001-871-907-0449x64104;roypatrick@walker.com;Palestinian Territory;Patelport
367;Weaver LLC;Susan Webster;949-830-5966x01864;francisco67@riddle.com;South Georgia and the South Sandwich Islands;Christopherbury
368;Phillips, Duncan and Johnson;Derrick King;+1-290-914-9542x7707;churchtimothy@robinson.com;Ukraine;Stephaniemouth
369;Scott LLC;Johnny Perez;(929)703-1028;tranjeremy@braun.com;Mauritius;New Jimmyville
370;Hunter Inc;Cynthia Nguyen;(761)964-2059x556;christy25@carter.org;Anguilla;New Jasonmouth
371;Baldwin, Harmon and Logan;Teresa Gray;001-802-361-1398;lawsondonna@alexander.com;United States Minor Outlying Islands;West John
372;Hall-Edwards;Melissa Wallace;(451)558-8157x93763;qcraig@jacobs.com;Germany;North Rickyhaven
373;Johnston Ltd;Christina White;202.416.4871x206;andersonmichelle@strong-gomez.biz;Qatar;Lake Kelly
374;Merritt-Villanueva;Lisa Mcknight;4154767647;hernandezalan@wood.info;Christmas Island;Shirleyville
375;Evans LLC;Joseph Fox;764.356.5220x36849;justin14@tucker-walker.com;France;Vanessaville
376;Estrada and Sons;Juan Romero;(209)708-8307;juangould@dennis-meyer.info;French Polynesia;Lake Jasmineville
377;Oneal-Snyder;Chad Ramirez;+1-715-213-1528x54781;tgarcia@stewart.com;Yemen;East Derrickfurt
378;Nunez LLC;John Lopez;542.431.8306x1789;barnesjose@welch-young.com;Liberia;West Mary
379;Contreras-Henry;Linda Daniels;713-314-6753x6127;heidi27@burke-mcdaniel.com;French Guiana;Williamchester
380;Hart LLC;Evan Myers;866.540.4735x047;amandachan@gould.org;Greenland;New Amber
381;Smith, Gray and Deleon;Harold Miranda;808-535-8328;laurie55@lewis-quinn.com;Argentina;Port Shelbyville
382;Sanders, Washington and Moore;David Barton;3.043.166.241;vsmith@jacobs.biz;Congo;Kristenchester
383;Paul, Turner and Stevens;Wayne Johnston;(846)213-6847x4883;xluna@klein.com;Indonesia;South Mitchell
384;Rodriguez, Collins and Thomas;Angela Hoffman;5.792.312.697;tking@morgan.org;Netherlands Antilles;Savageview
385;Clark, Hart and Burns;Dr. David Murray MD;-6973;samuelstanton@mcclure.com;Niue;Taylorside
386;Ross-Phillips;Edward Weeks;+1-648-959-5922x48395;vclark@cortez.net;Saint Barthelemy;Smithchester
387;Hernandez Inc;Abigail Miles MD;487-351-0979;dana35@smith.biz;Myanmar;Michaelfurt
388;Hoffman-May;Kevin Garcia;8.427.491.289;tammy97@jackson.com;Bermuda;East Fred
389;Morris Inc;Robert Coleman;754.381.3866x6754;stephaniedougherty@dawson-larsen.net;Kenya;Nealview
390;Martinez, Yoder and Pearson;Sean Wyatt;001-556-239-8365x20375;mark54@dorsey.com;Norway;Sandersview
391;Garrett-Maddox;Sharon Pennington;+1-477-427-8105x092;barnesmegan@ramos.com;Germany;Port Amyborough
392;Mendez, Smith and Hood;Emily Fletcher;001-458-606-6013;thompsonbradley@gonzalez.com;Georgia;Annville
393;Owens-Huff;Timothy Davis;521-725-9020;umiller@parker.com;San Marino;West Brian
394;Mitchell, Ramirez and Cunningham;Russell Nelson;7.247.474.175;rgallegos@johnson.biz;Cape Verde;Lake Ryan
395;Cochran, Hogan and Clark;Kathy Gallegos;918-434-3740x182;xwillis@gray.com;Norfolk Island;Mistytown
396;Fisher LLC;Steven Lopez;(842)878-2079x799;qflowers@brooks.com;Armenia;Port Sarah
397;Rodriguez, Simmons and Adams;Leslie Martin;(249)383-9225;laura25@foster-murray.com;Cook Islands;West Kyle
398;Young and Sons;Nathaniel Moore;-6599;dbarnett@sanchez.com;Serbia;South Kerri
399;Weiss-Cross;James Jones;890.339.2355x5809;devinlopez@turner.com;Hungary;South Edward
400;Hughes-Nicholson;Tyler Fisher;(268)417-1516;david86@gibson.biz;Jamaica;West Ronaldville
401;Roman, Odonnell and Shaw;Michelle Richard;(512)968-6120x594;swilliams@martinez.info;Haiti;New Ginaview
402;Rogers-Phillips;Kimberly White;(860)575-4091x508;christopherdavis@thomas.com;Kuwait;Port Rebecca
403;Hoover, Carroll and Williams;Andrew Lynch;001-816-381-5466x0241;ashleycooley@palmer.com;Holy See (Vatican City State);Lewischester
404;Burgess-Osborne;Michael Jacobs;(644)606-3062;ogeorge@davis-walker.com;Cyprus;New Keithmouth
405;Fisher, Larson and Weaver;Justin Cooper;357-927-7382x64609;christopher85@carter-stewart.info;Antarctica (the territory South of 60 deg S);New Brenda
406;Bell, Reynolds and Forbes;William Hawkins;636.482.6911x6331;katiejoyce@pierce-bell.com;Italy;Luisstad
407;Garcia, Dyer and Horne;Emily Nichols;(736)977-4722x6408;francesgarcia@delgado.com;Niger;East Chelsea
408;Duarte, Greene and Dennis;Erika Wright;001-571-450-9688;pwood@kennedy.com;Gibraltar;West Calvin
409;Clark Group;Michael Wallace;9.273.819.523;goodmanevelyn@camacho-cowan.biz;Barbados;Rosarioside
410;Baldwin PLC;Kimberly Johnson;604.360.5687x6112;michaeldouglas@durham.com;Estonia;West Dawnland
411;Nolan-Vasquez;David Phillips;257.549.4902x284;anna44@moore.info;Peru;Ericberg
412;Lawson Group;Darren Rosales;001-842-990-4588;teresaschneider@farrell.info;Oman;Port Alicia
413;Webb Group;Travis Peterson;533-524-9135x7790;elizabeth61@romero-nelson.net;Tanzania;Port Brianshire
414;Wright, Scott and Stevenson;Marilyn Sanchez;001-672-209-4841x312;jeremywillis@woods.com;Ghana;East Timothymouth
415;Alvarez Inc;Cindy Freeman;001-909-261-7399;karen94@welch-murphy.info;Malaysia;Stephanieport
416;Camacho-Wright;Justin Parker;812.670.5877x221;schaeferscott@mcdaniel.com;Serbia;East Kyle
417;Flores-Moreno;Eric Lynch;001-425-723-6229;yvaldez@chan-adams.com;Latvia;Nathanport
418;Acosta-Calderon;Eric Elliott;001-660-760-6527x40334;morriskrystal@grant-stevenson.com;Niger;Gatesville
419;Sanchez LLC;Teresa Watkins;3672349960;joshua57@rodriguez-taylor.com;Greece;Hollowayberg
420;Evans, Gonzalez and Miller;Kenneth Farmer;788-940-2155x732;stevencook@mata.com;Burundi;Lake Robertfurt
421;Yates-Decker;William Brooks;001-760-385-8749;cunninghamterri@schmidt.com;Montserrat;Bishopborough
422;Wang Group;Julie Preston;001-625-212-9578x6069;osmith@simmons-green.com;Myanmar;Amandaborough
423;Schaefer, Barry and Espinoza;Chelsea Hernandez;521-508-9028x5155;kevincoleman@hall-gillespie.com;Anguilla;South David
424;Johnson-Dillon;Christine Williams;363.436.9112x898;davidburns@howard.com;Bermuda;Timothyhaven
425;Duffy Inc;Robert Ross;855-941-6431;beanjoshua@merritt.com;Mongolia;East Aprilberg
426;Harrison, Williams and Carlson;Patrick Carter;+1-262-962-2822x512;kevingarrett@howell-johnson.com;Greenland;South Austinberg
427;Williams-Bennett;Kelly Moore;8539161177;melodypacheco@collins.com;Brunei Darussalam;Dianastad
428;Barnett, Davis and Vasquez;Laura Martinez;622.731.1649x13342;hbarnett@ray.com;Greece;Brooksberg
429;Doyle, Rosales and Adkins;Lynn Bauer;(902)903-2650;jacob96@haney-chavez.com;Mayotte;Wilsonview
430;Mack, Bradshaw and Rogers;Dawn Roman;387.515.8415x6082;hgreer@marquez.info;Jordan;Port Teresaburgh
431;Wilkins-Blackwell;Brenda Becker;001-503-458-9298x80858;erik29@bridges.com;Mauritius;Garrisonview
432;Haley Group;Steven Stanton;375.224.0148x4399;etaylor@duran.biz;Solomon Islands;Lake Robert
433;Lee, Flowers and Jones;Desiree Stafford;392-637-2450;ingramcarmen@guerrero.com;Mauritius;Hernandezmouth
434;Herring-Williams;Dawn Sims;(892)874-3811x99537;littlemichelle@kirby-oconnor.com;Northern Mariana Islands;Robertview
435;Miller-Garcia;Dana Simpson;001-864-217-8996;garzalaura@johnston.com;Guyana;Ochoaton
436;Holland-Alexander;Scott Johnson;(660)739-2051x4607;michael34@bowers-nguyen.com;Seychelles;East Angela
437;Wong, Yang and Mullins;Carolyn Porter;355-898-3541;christy26@baker.info;Guernsey;Lindastad
438;Chung LLC;Colton Collins;684.488.2691x31196;amanda62@garcia-blanchard.com;Nicaragua;West Yvonnemouth
439;Sanchez and Sons;Denise Simpson;001-933-937-3204x309;khawkins@gutierrez.org;Iran;Francisstad
440;Reynolds-Diaz;Cynthia Fernandez;925-738-9218;aguirrecassandra@bailey.com;Lao People's Democratic Republic;Audreyton
441;Montgomery-Crawford;Troy Jackson;-8197;stacey09@jordan-duran.com;Indonesia;Lake Shannon
442;Terry, Torres and Hall;Katie Russell;001-889-450-9059x11918;johnguzman@houston.info;Saint Lucia;West Christopherfurt
443;Haynes, Jennings and Ballard;John Boone;(414)652-6471;wgonzalez@schultz.net;Equatorial Guinea;New Bruceside
444;Fleming Inc;Victor Rice;4565409951;nwhite@davis-vega.com;Netherlands Antilles;Audreymouth
445;Singleton, Ingram and Romero;Jill Howell;-6052;jlee@mora.net;Switzerland;Bowersville
446;Spencer, Morgan and Diaz;Robert Lopez;(805)507-9181x5899;luke73@raymond-simmons.biz;Honduras;South Andrewville
447;Hoffman-Lynch;Willie Townsend;001-208-203-1499x82508;paul58@colon.biz;Saint Vincent and the Grenadines;New Nathan
448;Williams, Lewis and Bryant;Daniel Flores;001-237-539-9006x314;tracey63@lowery-morales.com;Cambodia;New Elizabeth
449;Becker-Mckinney;Emily Bentley;+1-846-206-6643x7490;sanderson@jones.com;Cayman Islands;Jonesside
450;Jackson-Singh;Michelle Neal;584-449-4116x3187;harrisondaniel@johnson.com;Belize;East Ryanstad
451;Rodgers-Ramos;Mary Gordon;4.357.090.254;pgonzalez@myers.com;Madagascar;East Jackborough
452;Barrett-Gonzales;Andrea Sanchez;448.722.8501x16880;benjamin13@james.com;Suriname;Mackville
453;Gill Inc;Angela Banks;996.449.6737x9457;xherrera@thomas.com;Iceland;Nicolestad
454;Smith, Trujillo and Thomas;Michael Weaver;9.629.536.667;vford@ortega-anderson.net;Costa Rica;East Jennifer
455;Lee, Russo and Hopkins;Stephanie Kelley;001-265-543-6271x87496;matthewwu@cruz.info;Anguilla;South Ashley
456;Nelson Ltd;Patricia Davidson;001-732-265-7327;buchananchristopher@mora.com;Timor-Leste;West Sarahstad
457;Manning and Sons;Austin Hanson;397-875-2441x82226;annafuller@lucero.com;Panama;South Colton
458;Taylor Group;John Wang;001-757-799-2707;tannercasey@hanson.biz;United States Virgin Islands;North Victoria
459;Gonzalez, Walters and Carter;Rachel Gomez;909.796.2543x8480;brettallen@baker-ferrell.com;Armenia;Karenmouth
460;Miller, Arnold and Anderson;Lori Navarro;8467376604;linda66@peterson.net;Congo;Campbellland
461;Sellers-Miller;Emma Hicks;402-513-1251;shieldsalec@doyle.org;Barbados;New Connie
462;Welch-Rivera;Lisa Brown;(531)221-1063;hughescolleen@alvarez.info;Netherlands;South Keith
463;Vargas, Valencia and Ramos;Angela Mccann;828-693-1132x532;shunter@simmons.com;Marshall Islands;Lake Pamelaview
464;Webster-Brown;Gregory Quinn;+1-661-770-1595x919;zhoward@wood-evans.info;Germany;East Brenda
465;Vazquez Group;Joel Mclean;(877)772-2660x2562;hamiltonlisa@hernandez.com;Bhutan;South Thomasview
466;Gonzalez-Crawford;Ronald Nash;333-379-7662x705;janice94@young.com;Israel;Smithport
467;Moore, Mccoy and Sutton;Bryan Anderson;555-725-9710x7563;reneeorr@moon.net;Guam;Hollyberg
468;Harrington-Armstrong;Michelle Lynch;4.797.705.816;morenosteven@adams.com;Rwanda;West Melanie
469;Wells and Sons;Erin Summers;382.645.7598x3399;mossjames@campbell.com;French Southern Territories;Jamesport
470;Johnson Ltd;Angela Marshall;(676)982-9751;james97@martin-anderson.com;British Virgin Islands;Port Markfort
471;Thomas-Decker;Alexander Hamilton;962-359-0459x90802;taylorcurtis@bentley.com;Saudi Arabia;Teresamouth
472;Gutierrez Inc;Joshua Warren DDS;(228)213-7214x3308;timothywilliams@dodson.net;Ghana;Paulfurt
473;Dixon LLC;Michael Terry MD;7393033970;william26@hernandez.org;Finland;Angelahaven
474;Moore-Harris;Felicia Murphy;361-247-0798x632;vballard@gonzalez.com;Syrian Arab Republic;New Lisa
475;Ford-Holland;Steve Bridges;9.808.403.253;stephen69@mccall.net;Nepal;Laurabury
476;Jensen Inc;Lisa Vincent;804-776-9210x533;ramirezdesiree@townsend-roach.com;Cambodia;Stephenborough
477;Calhoun Ltd;Rebecca Beard;920.311.3798x4409;jasonsanders@johnson-jimenez.info;Isle of Man;North Barbara
478;Douglas LLC;Michelle Harris;504-233-7009x687;michael95@hoover-stephens.com;Palestinian Territory;Jessicaside
479;Flores Ltd;Christopher Morales;454.727.8656x194;debbie78@martin.com;Netherlands Antilles;Amberburgh
480;Taylor, Velasquez and Harris;Angela Barnes;488-508-1904;tracy55@giles.com;Morocco;Karaville
481;Bowman Group;Michael Mullins;001-308-517-2143x643;smithkenneth@lopez.com;Bangladesh;Shaunville
482;Duffy-Stanley;Kyle Cooper;(934)769-9799x070;anthony76@carrillo.com;Yemen;Vangfurt
483;Estes Inc;Joshua Miller;001-517-865-3970x5487;smithdavid@norman.net;Cocos (Keeling) Islands;Hillshire
484;Solis-Nichols;Dawn Wilson;572.974.2049x56121;ywright@roman.com;Gabon;East Matthew
485;Silva, Snyder and Reeves;Tiffany Wilson;(822)299-0775;cynthia16@johnson-graham.biz;Bangladesh;North Josestad
486;Morales-Calhoun;Sheri Martinez;(619)923-7858;arellanodiana@gutierrez.com;French Southern Territories;Lake Jacqueline
487;Watson PLC;Ashley Wade;001-580-942-5373;gmendoza@hughes.net;Togo;East Elizabethhaven
488;Callahan Inc;William Jones;(236)753-4606;qjohnson@galvan.com;San Marino;South Christina
489;Oneal, Lucas and Campos;Kyle Roberts;001-616-990-6181x20546;kevin89@calhoun-wyatt.info;Malawi;Hughesshire
490;Castro, Fleming and Greene;Breanna Rogers;001-575-788-9144x449;rebecca93@compton-lee.com;Maldives;Ramirezchester
491;Hopkins, Tate and Zamora;Randy Phillips;+1-758-485-3798x21433;zbrooks@love-randolph.info;Mauritania;Dustinland
492;Martinez-Bennett;Jenna Jones;877-989-4896x340;alvarezpaul@taylor.com;Senegal;North Melanieview
493;Dunn LLC;Brendan Paul;(530)690-0159x44633;mary20@silva.biz;Costa Rica;East Christopherview
494;Martinez-Sanchez;David Lynch;(834)910-3469;jesseboone@marquez-ramos.biz;Thailand;Johnsonview
495;Macias Group;Shaun Peterson;4783967935;zjackson@robinson.biz;Falkland Islands (Malvinas);Lake Kelly
496;Gray Group;Melissa Elliott;+1-817-306-9556x0767;oscott@richardson-osborn.info;Cayman Islands;East Melissa
497;Holmes, Schmidt and Gonzalez;James Williams;6.129.198.041;kellygarrison@pitts-lopez.biz;Georgia;New Carl
498;Oliver PLC;Rachel Mckay;001-324-687-6230x3911;amandamaxwell@hodges.com;Ecuador;West Melissaview
499;Li, Mason and Jacobson;Christopher Harrison;(439)359-4737;fernandoobrien@jones.com;Afghanistan;Stevenfort
500;Webster, Pierce and Barber;Julie Holland;359.796.4862x87203;darrell66@evans-johnson.info;Congo;East Ryanberg
